Chidamber-Kemerer metrics,lun., 24 oct. 2022 22:54:29 EDT
Class,CBO,DIT,LCOM,NOC,RFC,WMC
org.jfree.chart.AreaChartTest,14,0,1,0,27,6
org.jfree.chart.AreaChartTest.LocalListener,3,0,1,0,1,1
org.jfree.chart.BarChartTest,14,0,1,0,27,6
org.jfree.chart.BarChartTest.LocalListener,3,0,1,0,1,1
org.jfree.chart.ChartColor,1,0,1,0,2,2
org.jfree.chart.ChartElement,n/a,n/a,n/a,n/a,1,n/a
org.jfree.chart.ChartElementVisitor,n/a,n/a,n/a,n/a,1,n/a
org.jfree.chart.ChartFactory,121,0,1,0,163,131
org.jfree.chart.ChartHints,3,0,0,0,2,1
org.jfree.chart.ChartHints.Key,1,0,1,2,2,5
org.jfree.chart.ChartRenderingInfo,41,0,1,0,19,21
org.jfree.chart.ChartRenderingInfoTest,7,0,4,0,22,4
org.jfree.chart.ChartTheme,n/a,n/a,n/a,n/a,1,n/a
org.jfree.chart.ChartTransferable,2,0,1,0,9,13
org.jfree.chart.ChartUtils,14,0,9,0,45,32
org.jfree.chart.Drawable,n/a,n/a,n/a,n/a,1,n/a
org.jfree.chart.GanttChartTest,14,0,1,0,31,9
org.jfree.chart.GanttChartTest.LocalListener,3,0,1,0,1,1
org.jfree.chart.JFreeChart,120,0,2,0,125,157
org.jfree.chart.JFreeChartTest,19,0,11,0,64,14
org.jfree.chart.LegendItemCollectionTest,4,0,3,0,13,3
org.jfree.chart.LegendItemTest,5,0,4,0,19,4
org.jfree.chart.LineChartTest,13,0,1,0,26,6
org.jfree.chart.LineChartTest.LocalListener,3,0,1,0,1,1
org.jfree.chart.MeterChartTest,5,0,1,0,8,1
org.jfree.chart.PieChartTest,5,0,1,0,12,3
org.jfree.chart.PieChartTest.LocalListener,3,0,1,0,1,1
org.jfree.chart.ScatterPlotTest,12,0,1,0,25,5
org.jfree.chart.ScatterPlotTest.LocalListener,3,0,1,0,1,1
org.jfree.chart.StackedAreaChartTest,14,0,1,0,27,6
org.jfree.chart.StackedAreaChartTest.LocalListener,3,0,1,0,1,1
org.jfree.chart.StackedBarChartTest,13,0,1,0,27,6
org.jfree.chart.StackedBarChartTest.LocalListener,3,0,1,0,1,1
org.jfree.chart.StandardChartTheme,57,0,4,1,225,200
org.jfree.chart.StandardChartThemeTest,7,0,3,0,42,3
org.jfree.chart.TestUtils,301,0,3,0,31,5
org.jfree.chart.TimeSeriesChartTest,12,0,1,0,25,5
org.jfree.chart.TimeSeriesChartTest.LocalListener,3,0,1,0,1,1
org.jfree.chart.WaterfallChartTest,11,0,1,0,18,5
org.jfree.chart.XYAreaChartTest,12,0,1,0,25,5
org.jfree.chart.XYAreaChartTest.LocalListener,3,0,1,0,1,1
org.jfree.chart.XYBarChartTest,14,0,1,0,26,5
org.jfree.chart.XYBarChartTest.LocalListener,3,0,1,0,1,1
org.jfree.chart.XYLineChartTest,12,0,1,0,25,5
org.jfree.chart.XYLineChartTest.LocalListener,3,0,1,0,1,1
org.jfree.chart.XYStepAreaChartTest,12,0,1,0,25,5
org.jfree.chart.XYStepAreaChartTest.LocalListener,3,0,1,0,1,1
org.jfree.chart.XYStepChartTest,13,0,1,0,25,5
org.jfree.chart.XYStepChartTest.LocalListener,3,0,1,0,1,1
org.jfree.chart.annotations.AbstractAnnotation,20,0,1,3,13,15
org.jfree.chart.annotations.AbstractXYAnnotation,18,1,4,9,14,16
org.jfree.chart.annotations.Annotation,n/a,n/a,n/a,n/a,2,n/a
org.jfree.chart.annotations.CategoryAnnotation,n/a,n/a,n/a,n/a,1,n/a
org.jfree.chart.annotations.CategoryLineAnnotation,19,1,1,0,40,29
org.jfree.chart.annotations.CategoryLineAnnotationTest,3,0,6,0,23,6
org.jfree.chart.annotations.CategoryPointerAnnotation,18,3,1,0,50,35
org.jfree.chart.annotations.CategoryPointerAnnotationTest,4,0,5,0,25,5
org.jfree.chart.annotations.CategoryTextAnnotation,21,2,1,1,34,19
org.jfree.chart.annotations.CategoryTextAnnotationTest,4,0,5,0,18,5
org.jfree.chart.annotations.TextAnnotation,9,1,6,1,24,25
org.jfree.chart.annotations.TextAnnotationTest,6,0,4,0,19,5
org.jfree.chart.annotations.XYAnnotation,n/a,n/a,n/a,n/a,1,n/a
org.jfree.chart.annotations.XYAnnotationBoundsInfo,n/a,n/a,n/a,n/a,3,n/a
org.jfree.chart.annotations.XYBoxAnnotation,13,2,1,0,34,30
org.jfree.chart.annotations.XYBoxAnnotationTest,10,0,7,0,29,7
org.jfree.chart.annotations.XYDataImageAnnotation,13,2,2,0,30,28
org.jfree.chart.annotations.XYDrawableAnnotation,12,2,1,0,26,21
org.jfree.chart.annotations.XYDrawableAnnotationTest,4,0,5,0,17,5
org.jfree.chart.annotations.XYDrawableAnnotationTest.TestDrawable,2,0,1,0,4,6
org.jfree.chart.annotations.XYImageAnnotation,12,2,1,0,27,22
org.jfree.chart.annotations.XYImageAnnotationTest,0,0,0,0,0,0
org.jfree.chart.annotations.XYLineAnnotation,15,2,1,0,35,27
org.jfree.chart.annotations.XYLineAnnotationTest,3,0,7,0,25,7
org.jfree.chart.annotations.XYPointerAnnotation,15,3,1,0,58,37
org.jfree.chart.annotations.XYPointerAnnotationTest,4,0,5,0,25,5
org.jfree.chart.annotations.XYPolygonAnnotation,15,2,1,0,34,29
org.jfree.chart.annotations.XYPolygonAnnotationTest,3,0,5,0,15,5
org.jfree.chart.annotations.XYShapeAnnotation,14,2,1,0,30,21
org.jfree.chart.annotations.XYShapeAnnotationTest,3,0,5,0,15,5
org.jfree.chart.annotations.XYTextAnnotation,23,2,1,1,54,49
org.jfree.chart.annotations.XYTextAnnotationTest,4,0,5,0,25,5
org.jfree.chart.annotations.XYTitleAnnotation,25,2,1,0,45,36
org.jfree.chart.annotations.XYTitleAnnotationTest,10,0,5,0,26,5
org.jfree.chart.api.HorizontalAlignment,12,n/a,2,n/a,2,0
org.jfree.chart.api.Layer,8,n/a,2,n/a,2,0
org.jfree.chart.api.LengthAdjustmentType,8,n/a,2,n/a,2,0
org.jfree.chart.api.PublicCloneable,n/a,n/a,n/a,n/a,1,n/a
org.jfree.chart.api.RectangleAlignment,6,n/a,3,n/a,4,14
org.jfree.chart.api.RectangleAlignmentTest,1,0,1,0,2,1
org.jfree.chart.api.RectangleAnchor,29,n/a,3,n/a,7,22
org.jfree.chart.api.RectangleEdge,100,n/a,3,n/a,6,14
org.jfree.chart.api.RectangleInsets,65,0,1,0,30,57
org.jfree.chart.api.Rotation,5,n/a,3,n/a,4,2
org.jfree.chart.api.SortOrder,9,n/a,2,n/a,2,0
org.jfree.chart.api.TableOrder,7,n/a,2,n/a,2,0
org.jfree.chart.api.UnitType,7,n/a,2,n/a,2,0
org.jfree.chart.api.VerticalAlignment,12,n/a,2,n/a,2,0
org.jfree.chart.api.XYCoordinateType,1,n/a,2,n/a,2,0
org.jfree.chart.axis.Axis,60,0,7,2,109,153
org.jfree.chart.axis.AxisCollection,5,0,1,0,7,11
org.jfree.chart.axis.AxisLabelLocation,2,n/a,2,n/a,2,0
org.jfree.chart.axis.AxisLocation,14,n/a,3,n/a,5,7
org.jfree.chart.axis.AxisLocationTest,2,0,1,0,7,3
org.jfree.chart.axis.AxisSpace,19,0,1,0,20,43
org.jfree.chart.axis.AxisSpaceTest,1,0,3,0,15,3
org.jfree.chart.axis.AxisState,24,0,3,0,14,18
org.jfree.chart.axis.AxisTest,5,0,4,0,39,4
org.jfree.chart.axis.CategoryAnchor,7,n/a,2,n/a,2,0
org.jfree.chart.axis.CategoryAnchorTest,2,0,1,0,8,3
org.jfree.chart.axis.CategoryAxis,76,1,4,2,127,134
org.jfree.chart.axis.CategoryAxisTest,3,0,5,0,24,5
org.jfree.chart.axis.CategoryLabelPosition,9,0,6,0,13,20
org.jfree.chart.axis.CategoryLabelPositionTest,6,0,3,0,10,3
org.jfree.chart.axis.CategoryLabelPositions,10,0,2,0,18,21
org.jfree.chart.axis.CategoryLabelPositionsTest,5,0,2,0,11,3
org.jfree.chart.axis.CategoryLabelWidthType,5,n/a,2,n/a,2,0
org.jfree.chart.axis.CategoryLabelWidthTypeTest,2,0,1,0,7,3
org.jfree.chart.axis.CategoryTick,6,1,3,0,9,11
org.jfree.chart.axis.CategoryTickTest,7,0,1,0,16,4
org.jfree.chart.axis.CompassFormat,2,0,2,0,8,9
org.jfree.chart.axis.CyclicNumberAxis,23,3,3,0,79,120
org.jfree.chart.axis.CyclicNumberAxis.CycleBoundTick,3,3,0,0,2,1
org.jfree.chart.axis.CyclicNumberAxisTest,3,0,4,0,21,4
org.jfree.chart.axis.DateAxis,30,2,1,1,130,153
org.jfree.chart.axis.DateAxis.DefaultTimeline,2,0,7,0,8,11
org.jfree.chart.axis.DateAxisTest,21,0,8,0,90,25
org.jfree.chart.axis.DateAxisTest.MyDateAxis,3,3,1,0,4,2
org.jfree.chart.axis.DateTick,7,2,1,0,8,8
org.jfree.chart.axis.DateTickMarkPosition,3,n/a,2,n/a,2,0
org.jfree.chart.axis.DateTickMarkPositionTest,2,0,1,0,8,3
org.jfree.chart.axis.DateTickTest,5,0,1,0,14,4
org.jfree.chart.axis.DateTickUnit,7,1,4,0,21,32
org.jfree.chart.axis.DateTickUnitTest,3,0,1,0,8,3
org.jfree.chart.axis.DateTickUnitType,4,n/a,3,n/a,4,2
org.jfree.chart.axis.ExtendedCategoryAxis,11,2,1,0,26,20
org.jfree.chart.axis.ExtendedCategoryAxisTest,3,0,5,0,20,5
org.jfree.chart.axis.LogAxis,22,2,1,0,96,97
org.jfree.chart.axis.LogAxisTest,14,0,6,0,49,12
org.jfree.chart.axis.LogTick,5,2,1,0,3,2
org.jfree.chart.axis.LogarithmicAxis,13,3,1,1,49,114
org.jfree.chart.axis.LogarithmicAxisTest,5,0,2,0,32,10
org.jfree.chart.axis.LogarithmicAxisTest.MyLogarithmicAxis,2,4,1,0,4,2
org.jfree.chart.axis.MarkerAxisBand,8,0,1,0,18,18
org.jfree.chart.axis.MarkerAxisBandTest,2,0,3,0,9,3
org.jfree.chart.axis.ModuloAxis,7,3,1,0,32,40
org.jfree.chart.axis.ModuloAxisTest,4,0,4,0,15,4
org.jfree.chart.axis.MonthDateFormat,2,0,2,0,11,19
org.jfree.chart.axis.MonthDateFormatTest,2,0,4,0,11,4
org.jfree.chart.axis.NumberAxis,76,2,9,4,97,112
org.jfree.chart.axis.NumberAxisTest,16,0,5,0,52,12
org.jfree.chart.axis.NumberTick,11,2,1,1,5,3
org.jfree.chart.axis.NumberTickUnit,17,1,1,0,13,12
org.jfree.chart.axis.NumberTickUnitSource,5,0,1,0,15,39
org.jfree.chart.axis.NumberTickUnitTest,2,0,4,0,11,4
org.jfree.chart.axis.PeriodAxis,24,2,1,0,116,115
org.jfree.chart.axis.PeriodAxisLabelInfo,8,0,8,0,23,26
org.jfree.chart.axis.PeriodAxisLabelInfoTest,6,0,5,0,19,5
org.jfree.chart.axis.PeriodAxisTest,15,0,7,0,47,8
org.jfree.chart.axis.QuarterDateFormat,2,0,2,0,8,12
org.jfree.chart.axis.QuarterDateFormatTest,2,0,4,0,12,4
org.jfree.chart.axis.StandardTickUnitSource,4,0,1,0,8,7
org.jfree.chart.axis.StandardTickUnitSourceTest,2,0,2,0,5,2
org.jfree.chart.axis.SubCategoryAxis,17,2,1,0,48,40
org.jfree.chart.axis.SubCategoryAxisTest,7,0,5,0,22,5
org.jfree.chart.axis.SymbolAxis,20,3,2,0,54,69
org.jfree.chart.axis.SymbolAxisTest,3,0,3,0,13,3
org.jfree.chart.axis.Tick,15,0,4,2,9,14
org.jfree.chart.axis.TickType,12,n/a,2,n/a,2,0
org.jfree.chart.axis.TickUnit,15,0,3,2,8,16
org.jfree.chart.axis.TickUnitSource,n/a,n/a,n/a,n/a,3,n/a
org.jfree.chart.axis.TickUnits,5,0,1,0,10,14
org.jfree.chart.axis.TickUnitsTest,4,0,3,0,11,3
org.jfree.chart.axis.Timeline,n/a,n/a,n/a,n/a,7,n/a
org.jfree.chart.axis.ValueAxis,137,1,7,4,131,163
org.jfree.chart.axis.ValueAxisTest,16,0,4,0,48,4
org.jfree.chart.axis.ValueTick,15,1,2,3,7,9
org.jfree.chart.block.AbstractBlock,30,0,3,6,67,55
org.jfree.chart.block.AbstractBlockTest,5,0,3,0,19,3
org.jfree.chart.block.Arrangement,n/a,n/a,n/a,n/a,3,n/a
org.jfree.chart.block.Block,n/a,n/a,n/a,n/a,7,n/a
org.jfree.chart.block.BlockBorder,9,0,1,0,21,19
org.jfree.chart.block.BlockBorderTest,4,0,3,0,11,3
org.jfree.chart.block.BlockContainer,25,1,1,1,34,26
org.jfree.chart.block.BlockContainerTest,6,0,3,0,16,3
org.jfree.chart.block.BlockFrame,n/a,n/a,n/a,n/a,2,n/a
org.jfree.chart.block.BlockParams,3,0,3,0,7,7
org.jfree.chart.block.BlockResult,7,0,1,0,3,3
org.jfree.chart.block.BorderArrangement,12,0,1,0,34,71
org.jfree.chart.block.BorderArrangementTest,11,0,3,0,24,6
org.jfree.chart.block.CenterArrangement,8,0,3,0,29,31
org.jfree.chart.block.ColorBlock,8,1,2,0,26,12
org.jfree.chart.block.ColorBlockTest,3,0,3,0,11,3
org.jfree.chart.block.ColumnArrangement,12,0,3,0,28,42
org.jfree.chart.block.ColumnArrangementTest,4,0,2,0,9,3
org.jfree.chart.block.EmptyBlock,10,1,2,0,16,5
org.jfree.chart.block.EmptyBlockTest,3,0,3,0,10,3
org.jfree.chart.block.EntityBlockParams,n/a,n/a,n/a,n/a,1,n/a
org.jfree.chart.block.EntityBlockResult,n/a,n/a,n/a,n/a,1,n/a
org.jfree.chart.block.FlowArrangement,12,0,3,0,30,46
org.jfree.chart.block.FlowArrangementTest,4,0,2,0,9,3
org.jfree.chart.block.GridArrangement,8,0,3,0,33,51
org.jfree.chart.block.GridArrangementTest,9,0,4,0,41,19
org.jfree.chart.block.LabelBlock,19,1,1,0,47,34
org.jfree.chart.block.LabelBlockTest,5,0,3,0,14,3
org.jfree.chart.block.LengthConstraintType,14,n/a,2,n/a,2,0
org.jfree.chart.block.LineBorder,6,0,1,0,21,19
org.jfree.chart.block.LineBorderTest,3,0,3,0,10,3
org.jfree.chart.block.RectangleConstraint,28,0,1,0,23,33
org.jfree.chart.block.RectangleConstraintTest,4,0,1,0,6,1
org.jfree.chart.block.Size2D,33,0,2,0,10,14
org.jfree.chart.date.MonthConstants,n/a,n/a,n/a,n/a,0,n/a
org.jfree.chart.date.SerialDate,8,0,16,1,49,78
org.jfree.chart.date.SpreadsheetDate,2,1,3,0,24,34
org.jfree.chart.encoders.EncoderUtil,3,0,8,0,14,8
org.jfree.chart.encoders.ImageEncoder,n/a,n/a,n/a,n/a,6,n/a
org.jfree.chart.encoders.ImageEncoderFactory,2,0,1,0,8,8
org.jfree.chart.encoders.ImageFormat,n/a,n/a,n/a,n/a,0,n/a
org.jfree.chart.encoders.SunJPEGEncoderAdapter,2,0,3,0,8,8
org.jfree.chart.encoders.SunPNGEncoderAdapter,3,0,5,0,7,6
org.jfree.chart.entity.AxisEntity,5,1,1,0,21,16
org.jfree.chart.entity.CategoryItemEntity,6,1,3,0,12,14
org.jfree.chart.entity.CategoryItemEntityTest,5,0,3,0,15,3
org.jfree.chart.entity.CategoryLabelEntity,5,2,1,0,10,8
org.jfree.chart.entity.CategoryLabelEntityTest,4,0,3,0,13,3
org.jfree.chart.entity.ChartEntity,36,0,1,12,26,37
org.jfree.chart.entity.EntityCollection,n/a,n/a,n/a,n/a,8,n/a
org.jfree.chart.entity.FlowEntity,5,1,1,0,9,7
org.jfree.chart.entity.FlowEntityTest,4,0,3,0,11,3
org.jfree.chart.entity.JFreeChartEntity,5,1,1,0,21,16
org.jfree.chart.entity.LegendItemEntity,4,1,2,0,11,13
org.jfree.chart.entity.LegendItemEntityTest,5,0,3,0,16,3
org.jfree.chart.entity.NodeEntity,4,1,1,0,7,4
org.jfree.chart.entity.PieSectionEntity,7,1,4,0,16,18
org.jfree.chart.entity.PieSectionEntityTest,5,0,3,0,18,3
org.jfree.chart.entity.PlotEntity,5,1,1,0,21,16
org.jfree.chart.entity.StandardEntityCollection,13,0,1,0,16,17
org.jfree.chart.entity.StandardEntityCollectionTest,5,0,3,0,14,3
org.jfree.chart.entity.TickLabelEntity,3,1,0,1,2,1
org.jfree.chart.entity.TickLabelEntityTest,4,0,3,0,13,3
org.jfree.chart.entity.TitleEntity,7,1,1,0,21,16
org.jfree.chart.entity.XYAnnotationEntity,2,1,1,0,6,8
org.jfree.chart.entity.XYItemEntity,9,1,3,0,11,13
org.jfree.chart.entity.XYItemEntityTest,5,0,3,0,16,3
org.jfree.chart.event.AnnotationChangeEvent,10,1,1,0,4,2
org.jfree.chart.event.AnnotationChangeListener,n/a,n/a,n/a,n/a,1,n/a
org.jfree.chart.event.AxisChangeEvent,10,1,1,0,3,2
org.jfree.chart.event.AxisChangeListener,n/a,n/a,n/a,n/a,1,n/a
org.jfree.chart.event.ChartChangeEvent,35,0,2,7,8,7
org.jfree.chart.event.ChartChangeEventType,4,n/a,2,n/a,2,0
org.jfree.chart.event.ChartChangeListener,n/a,n/a,n/a,n/a,1,n/a
org.jfree.chart.event.ChartProgressEvent,5,0,3,0,8,7
org.jfree.chart.event.ChartProgressEventType,2,n/a,2,n/a,2,0
org.jfree.chart.event.ChartProgressListener,n/a,n/a,n/a,n/a,1,n/a
org.jfree.chart.event.MarkerChangeEvent,11,1,1,0,3,2
org.jfree.chart.event.MarkerChangeListener,n/a,n/a,n/a,n/a,1,n/a
org.jfree.chart.event.PlotChangeEvent,14,1,1,0,3,2
org.jfree.chart.event.PlotChangeListener,n/a,n/a,n/a,n/a,1,n/a
org.jfree.chart.event.RendererChangeEvent,12,1,2,0,5,4
org.jfree.chart.event.RendererChangeListener,n/a,n/a,n/a,n/a,1,n/a
org.jfree.chart.event.TitleChangeEvent,9,1,1,0,3,2
org.jfree.chart.event.TitleChangeListener,n/a,n/a,n/a,n/a,1,n/a
org.jfree.chart.imagemap.DynamicDriveToolTipTagFragmentGenerator,2,0,1,0,4,3
org.jfree.chart.imagemap.DynamicDriveToolTipTagFragmentGeneratorTest,1,0,1,0,3,1
org.jfree.chart.imagemap.ImageMapUtils,13,0,2,0,18,23
org.jfree.chart.imagemap.ImageMapUtilsTest,8,0,5,0,17,5
org.jfree.chart.imagemap.OverLIBToolTipTagFragmentGenerator,5,0,1,0,3,2
org.jfree.chart.imagemap.OverLIBToolTipTagFragmentGeneratorTest,1,0,1,0,3,1
org.jfree.chart.imagemap.StandardToolTipTagFragmentGenerator,5,0,1,0,3,2
org.jfree.chart.imagemap.StandardToolTipTagFragmentGeneratorTest,1,0,1,0,3,1
org.jfree.chart.imagemap.StandardURLTagFragmentGenerator,5,0,1,0,2,2
org.jfree.chart.imagemap.StandardURLTagFragmentGeneratorTest,1,0,1,0,3,1
org.jfree.chart.imagemap.ToolTipTagFragmentGenerator,n/a,n/a,n/a,n/a,1,n/a
org.jfree.chart.imagemap.URLTagFragmentGenerator,n/a,n/a,n/a,n/a,1,n/a
org.jfree.chart.internal.Args,239,0,5,0,5,10
org.jfree.chart.internal.ArgsTest,1,0,1,0,3,1
org.jfree.chart.internal.ArrayUtils,3,0,1,0,6,31
org.jfree.chart.internal.CloneUtils,244,0,1,0,6,13
org.jfree.chart.internal.CloneUtilsTest,1,0,2,0,6,2
org.jfree.chart.internal.HashUtils,55,0,2,0,10,19
org.jfree.chart.internal.HashUtilsTest,1,0,1,0,4,1
org.jfree.chart.internal.LineUtils,6,0,2,0,3,15
org.jfree.chart.internal.LineUtilsTest,1,0,1,0,6,7
org.jfree.chart.internal.PaintUtils,69,0,3,0,5,20
org.jfree.chart.internal.SerialUtils,96,0,11,0,19,71
org.jfree.chart.internal.SerialUtilsTest,4,0,2,0,9,2
org.jfree.chart.internal.SerialUtilsTest.ObjectWithMapOfPaint,2,0,1,0,6,4
org.jfree.chart.internal.SerialUtilsTest.ObjectWithMapOfStroke,2,0,1,0,6,4
org.jfree.chart.internal.ShapeUtils,31,0,16,0,23,46
org.jfree.chart.internal.ShapeUtilsTest,2,0,5,0,12,5
org.jfree.chart.labels.AbstractCategoryItemLabelGenerator,13,0,3,2,19,24
org.jfree.chart.labels.AbstractPieItemLabelGenerator,9,0,1,2,13,20
org.jfree.chart.labels.AbstractXYItemLabelGenerator,12,0,1,5,22,31
org.jfree.chart.labels.BoxAndWhiskerToolTipGenerator,10,2,1,0,15,7
org.jfree.chart.labels.BoxAndWhiskerToolTipGeneratorTest,5,0,5,0,16,5
org.jfree.chart.labels.BoxAndWhiskerXYToolTipGenerator,8,2,1,0,17,8
org.jfree.chart.labels.BoxAndWhiskerXYToolTipGeneratorTest,4,0,5,0,16,5
org.jfree.chart.labels.BubbleXYItemLabelGenerator,9,1,1,0,25,19
org.jfree.chart.labels.BubbleXYItemLabelGeneratorTest,6,0,6,0,22,6
org.jfree.chart.labels.CategoryItemLabelGenerator,n/a,n/a,n/a,n/a,3,n/a
org.jfree.chart.labels.CategorySeriesLabelGenerator,n/a,n/a,n/a,n/a,1,n/a
org.jfree.chart.labels.CategoryToolTipGenerator,n/a,n/a,n/a,n/a,1,n/a
org.jfree.chart.labels.CrosshairLabelGenerator,n/a,n/a,n/a,n/a,1,n/a
org.jfree.chart.labels.CustomXYItemLabelGeneratorTest,4,0,3,0,11,3
org.jfree.chart.labels.CustomXYToolTipGenerator,4,0,1,0,8,18
org.jfree.chart.labels.FlowLabelGenerator,n/a,n/a,n/a,n/a,1,n/a
org.jfree.chart.labels.HighLowItemLabelGenerator,10,0,2,0,13,21
org.jfree.chart.labels.HighLowItemLabelGeneratorTest,4,0,5,0,16,5
org.jfree.chart.labels.IntervalCategoryItemLabelGenerator,10,2,1,0,13,9
org.jfree.chart.labels.IntervalCategoryItemLabelGeneratorTest,5,0,5,0,15,5
org.jfree.chart.labels.IntervalCategoryToolTipGenerator,8,2,1,0,17,13
org.jfree.chart.labels.IntervalCategoryToolTipGeneratorTest,5,0,6,0,16,6
org.jfree.chart.labels.IntervalXYItemLabelGenerator,7,1,2,0,33,21
org.jfree.chart.labels.IntervalXYToolTipGenerator,6,1,2,0,33,21
org.jfree.chart.labels.ItemLabelAnchor,10,n/a,2,n/a,2,0
org.jfree.chart.labels.ItemLabelAnchorTest,2,0,1,0,6,2
org.jfree.chart.labels.ItemLabelPosition,18,0,4,0,10,15
org.jfree.chart.labels.ItemLabelPositionTest,2,0,2,0,5,2
org.jfree.chart.labels.MultipleXYSeriesLabelGenerator,7,0,1,0,13,19
org.jfree.chart.labels.MultipleXYSeriesLabelGeneratorTest,4,0,5,0,17,5
org.jfree.chart.labels.PieSectionLabelGenerator,n/a,n/a,n/a,n/a,2,n/a
org.jfree.chart.labels.PieToolTipGenerator,n/a,n/a,n/a,n/a,1,n/a
org.jfree.chart.labels.StandardCategoryItemLabelGenerator,12,1,1,1,12,9
org.jfree.chart.labels.StandardCategoryItemLabelGeneratorTest,6,0,7,0,21,7
org.jfree.chart.labels.StandardCategorySeriesLabelGenerator,9,0,1,0,10,10
org.jfree.chart.labels.StandardCategorySeriesLabelGeneratorTest,5,0,6,0,21,6
org.jfree.chart.labels.StandardCategoryToolTipGenerator,21,1,1,2,10,8
org.jfree.chart.labels.StandardCategoryToolTipGeneratorTest,5,0,6,0,16,6
org.jfree.chart.labels.StandardCrosshairLabelGenerator,4,0,1,0,9,11
org.jfree.chart.labels.StandardFlowLabelGenerator,7,0,1,0,10,7
org.jfree.chart.labels.StandardFlowLabelGeneratorTest,2,0,2,0,5,2
org.jfree.chart.labels.StandardPieSectionLabelGenerator,9,1,2,0,18,15
org.jfree.chart.labels.StandardPieSectionLabelGeneratorTest,4,0,5,0,17,5
org.jfree.chart.labels.StandardPieToolTipGenerator,7,1,1,0,10,7
org.jfree.chart.labels.StandardPieToolTipGeneratorTest,5,0,5,0,18,5
org.jfree.chart.labels.StandardXYItemLabelGenerator,7,1,1,0,18,12
org.jfree.chart.labels.StandardXYItemLabelGeneratorTest,5,0,5,0,21,5
org.jfree.chart.labels.StandardXYSeriesLabelGenerator,10,0,1,0,10,10
org.jfree.chart.labels.StandardXYSeriesLabelGeneratorTest,6,0,6,0,21,6
org.jfree.chart.labels.StandardXYToolTipGenerator,19,1,2,2,17,12
org.jfree.chart.labels.StandardXYToolTipGeneratorTest,4,0,5,0,17,5
org.jfree.chart.labels.StandardXYZToolTipGenerator,9,2,1,0,24,18
org.jfree.chart.labels.StandardXYZToolTipGeneratorTest,4,0,5,0,17,5
org.jfree.chart.labels.SymbolicXYItemLabelGenerator,11,0,2,0,14,12
org.jfree.chart.labels.SymbolicXYItemLabelGeneratorTest,4,0,5,0,13,5
org.jfree.chart.labels.XYItemLabelGenerator,n/a,n/a,n/a,n/a,1,n/a
org.jfree.chart.labels.XYSeriesLabelGenerator,n/a,n/a,n/a,n/a,1,n/a
org.jfree.chart.labels.XYToolTipGenerator,n/a,n/a,n/a,n/a,1,n/a
org.jfree.chart.labels.XYZToolTipGenerator,n/a,n/a,n/a,n/a,1,n/a
org.jfree.chart.legend.LegendGraphic,16,1,1,0,69,77
org.jfree.chart.legend.LegendGraphicTest,6,0,5,0,33,5
org.jfree.chart.legend.LegendItem,62,0,24,0,73,87
org.jfree.chart.legend.LegendItemBlockContainer,10,2,2,0,21,11
org.jfree.chart.legend.LegendItemCollection,30,0,1,0,10,12
org.jfree.chart.legend.LegendItemSource,n/a,n/a,n/a,n/a,1,n/a
org.jfree.chart.legend.LegendRenderingOrder,0,n/a,2,n/a,2,0
org.jfree.chart.legend.LegendTitle,38,2,2,0,115,64
org.jfree.chart.legend.LegendTitleTest,9,0,4,0,22,4
org.jfree.chart.legend.PaintScaleLegend,25,2,1,0,78,70
org.jfree.chart.legend.PaintScaleLegendTest,8,0,4,0,27,4
org.jfree.chart.plot.CategoryCrosshairState,5,1,1,0,12,13
org.jfree.chart.plot.CategoryMarker,10,1,2,0,15,15
org.jfree.chart.plot.CategoryMarkerTest,6,0,4,0,24,6
org.jfree.chart.plot.CategoryPlot,112,1,13,2,361,597
org.jfree.chart.plot.CategoryPlotTest,40,0,27,0,174,37
org.jfree.chart.plot.CenterTextMode,2,n/a,2,n/a,2,0
org.jfree.chart.plot.CombinedDomainCategoryPlot,21,2,3,0,95,72
org.jfree.chart.plot.CombinedDomainCategoryPlotTest,16,0,2,0,39,9
org.jfree.chart.plot.CombinedDomainXYPlot,25,2,3,0,106,86
org.jfree.chart.plot.CombinedDomainXYPlotTest,16,0,3,0,45,10
org.jfree.chart.plot.CombinedRangeCategoryPlot,22,2,2,0,84,62
org.jfree.chart.plot.CombinedRangeCategoryPlotTest,15,0,2,0,37,9
org.jfree.chart.plot.CombinedRangeXYPlot,23,2,3,0,101,79
org.jfree.chart.plot.CombinedRangeXYPlotTest,16,0,2,0,42,9
org.jfree.chart.plot.Crosshair,11,0,1,0,51,57
org.jfree.chart.plot.CrosshairState,35,0,1,2,19,27
org.jfree.chart.plot.CrosshairTest,5,0,5,0,32,5
org.jfree.chart.plot.DatasetRenderingOrder,3,n/a,2,n/a,2,0
org.jfree.chart.plot.DefaultDrawingSupplier,12,0,2,0,25,44
org.jfree.chart.plot.DefaultDrawingSupplierTest,3,0,3,0,16,3
org.jfree.chart.plot.DialShape,2,n/a,2,n/a,2,0
org.jfree.chart.plot.DrawingSupplier,n/a,n/a,n/a,n/a,6,n/a
org.jfree.chart.plot.FastScatterPlot,25,1,5,0,94,98
org.jfree.chart.plot.FastScatterPlotTest,7,0,4,0,28,7
org.jfree.chart.plot.IntervalMarker,10,1,3,0,17,17
org.jfree.chart.plot.IntervalMarkerTest,9,0,4,0,22,6
org.jfree.chart.plot.Marker,27,0,2,3,47,57
org.jfree.chart.plot.MarkerTest,11,0,3,0,60,15
org.jfree.chart.plot.MeterInterval,8,0,5,0,17,17
org.jfree.chart.plot.MeterIntervalTest,3,0,3,0,10,3
org.jfree.chart.plot.MeterPlot,21,1,3,0,92,117
org.jfree.chart.plot.MeterPlotTest,7,0,4,0,36,4
org.jfree.chart.plot.MyPlotChangeListener,4,0,1,0,4,4
org.jfree.chart.plot.Pannable,n/a,n/a,n/a,n/a,5,n/a
org.jfree.chart.plot.Plot,102,0,8,13,92,154
org.jfree.chart.plot.PlotOrientation,102,n/a,4,n/a,4,2
org.jfree.chart.plot.PlotOrientationTest,2,0,1,0,6,2
org.jfree.chart.plot.PlotRenderingInfo,103,0,3,0,19,25
org.jfree.chart.plot.PlotRenderingInfoTest,4,0,3,0,17,3
org.jfree.chart.plot.PlotState,20,0,1,0,2,2
org.jfree.chart.plot.PlotTest,5,0,1,0,19,1
org.jfree.chart.plot.PolarAxisLocation,1,n/a,2,n/a,2,0
org.jfree.chart.plot.PolarPlot,44,1,13,0,157,221
org.jfree.chart.plot.PolarPlotTest,14,0,8,0,58,8
org.jfree.chart.plot.RingPlot,25,2,2,0,77,62
org.jfree.chart.plot.RingPlotTest,4,0,3,0,21,3
org.jfree.chart.plot.SeriesRenderingOrder,1,n/a,2,n/a,2,0
org.jfree.chart.plot.SpiderWebPlot,29,1,2,0,121,127
org.jfree.chart.plot.SpiderWebPlotTest,12,0,5,0,50,5
org.jfree.chart.plot.ThermometerPlot,27,1,10,0,118,153
org.jfree.chart.plot.ThermometerPlotTest,4,0,4,0,27,4
org.jfree.chart.plot.ValueAxisPlot,n/a,n/a,n/a,n/a,1,n/a
org.jfree.chart.plot.ValueMarker,9,1,1,0,11,10
org.jfree.chart.plot.ValueMarkerTest,10,0,5,0,39,7
org.jfree.chart.plot.WaferMapPlot,15,1,4,0,33,33
org.jfree.chart.plot.XYCrosshairState,1,1,0,0,1,1
org.jfree.chart.plot.XYPlot,129,1,6,2,371,645
org.jfree.chart.plot.XYPlotTest,41,0,35,0,184,47
org.jfree.chart.plot.Zoomable,n/a,n/a,n/a,n/a,9,n/a
org.jfree.chart.plot.compass.ArrowNeedle,5,1,1,1,11,12
org.jfree.chart.plot.compass.ArrowNeedleTest,3,0,3,0,10,3
org.jfree.chart.plot.compass.CompassPlot,25,1,6,0,62,87
org.jfree.chart.plot.compass.CompassPlotTest,4,0,3,0,18,3
org.jfree.chart.plot.compass.LineNeedle,4,1,1,0,8,7
org.jfree.chart.plot.compass.LineNeedleTest,3,0,3,0,8,3
org.jfree.chart.plot.compass.LongNeedle,3,1,1,0,14,12
org.jfree.chart.plot.compass.LongNeedleTest,3,0,3,0,9,3
org.jfree.chart.plot.compass.MeterNeedle,14,0,5,8,35,40
org.jfree.chart.plot.compass.MeterNeedleTest,2,0,1,0,10,1
org.jfree.chart.plot.compass.MiddlePinNeedle,3,1,1,0,8,9
org.jfree.chart.plot.compass.MiddlePinNeedleTest,3,0,3,0,8,3
org.jfree.chart.plot.compass.PinNeedle,3,1,1,0,8,9
org.jfree.chart.plot.compass.PinNeedleTest,3,0,3,0,8,3
org.jfree.chart.plot.compass.PlumNeedle,3,1,1,0,8,8
org.jfree.chart.plot.compass.PlumNeedleTest,3,0,3,0,8,3
org.jfree.chart.plot.compass.PointerNeedle,3,1,1,0,11,11
org.jfree.chart.plot.compass.PointerNeedleTest,3,0,3,0,8,3
org.jfree.chart.plot.compass.ShipNeedle,3,1,1,0,8,8
org.jfree.chart.plot.compass.ShipNeedleTest,3,0,3,0,8,3
org.jfree.chart.plot.compass.WindNeedle,4,2,1,0,9,8
org.jfree.chart.plot.compass.WindNeedleTest,3,0,3,0,9,3
org.jfree.chart.plot.dial.AbstractDialLayer,27,0,1,9,14,15
org.jfree.chart.plot.dial.AbstractDialLayerTest,5,0,3,0,16,3
org.jfree.chart.plot.dial.ArcDialFrame,11,1,3,0,37,36
org.jfree.chart.plot.dial.ArcDialFrameTest,5,0,4,0,26,4
org.jfree.chart.plot.dial.DialBackground,13,1,2,0,24,18
org.jfree.chart.plot.dial.DialBackgroundTest,7,0,2,0,24,4
org.jfree.chart.plot.dial.DialCap,12,1,2,0,28,23
org.jfree.chart.plot.dial.DialCapTest,5,0,4,0,24,4
org.jfree.chart.plot.dial.DialFrame,n/a,n/a,n/a,n/a,1,n/a
org.jfree.chart.plot.dial.DialLayer,n/a,n/a,n/a,n/a,6,n/a
org.jfree.chart.plot.dial.DialLayerChangeEvent,17,1,1,0,3,2
org.jfree.chart.plot.dial.DialLayerChangeListener,n/a,n/a,n/a,n/a,1,n/a
org.jfree.chart.plot.dial.DialPlot,27,1,6,0,63,80
org.jfree.chart.plot.dial.DialPlotTest,11,0,5,0,39,10
org.jfree.chart.plot.dial.DialPointer,9,1,3,2,15,14
org.jfree.chart.plot.dial.DialPointer.Pin,10,2,1,0,28,15
org.jfree.chart.plot.dial.DialPointer.Pointer,10,2,1,0,28,18
org.jfree.chart.plot.dial.DialPointerTest,7,0,7,0,29,7
org.jfree.chart.plot.dial.DialScale,n/a,n/a,n/a,n/a,2,n/a
org.jfree.chart.plot.dial.DialTextAnnotation,12,1,2,0,31,29
org.jfree.chart.plot.dial.DialTextAnnotationTest,5,0,4,0,24,4
org.jfree.chart.plot.dial.DialValueIndicator,15,1,2,0,61,60
org.jfree.chart.plot.dial.DialValueIndicatorTest,8,0,4,0,33,4
org.jfree.chart.plot.dial.MyDialLayerChangeListener,12,0,1,0,2,2
org.jfree.chart.plot.dial.StandardDialFrame,11,1,2,0,29,24
org.jfree.chart.plot.dial.StandardDialFrameTest,5,0,4,0,23,4
org.jfree.chart.plot.dial.StandardDialRange,11,1,2,0,34,34
org.jfree.chart.plot.dial.StandardDialRangeTest,5,0,4,0,22,4
org.jfree.chart.plot.dial.StandardDialScale,12,1,2,0,61,81
org.jfree.chart.plot.dial.StandardDialScaleTest,5,0,5,0,38,6
org.jfree.chart.plot.flow.FlowPlot,22,1,2,0,67,88
org.jfree.chart.plot.flow.FlowPlotTest,8,0,3,0,38,15
org.jfree.chart.plot.pie.AbstractPieLabelDistributor,4,0,2,1,7,5
org.jfree.chart.plot.pie.MultiplePiePlot,33,1,2,0,86,61
org.jfree.chart.plot.pie.MultiplePiePlotTest,12,0,6,0,37,6
org.jfree.chart.plot.pie.PieLabelDistributor,3,1,1,0,17,26
org.jfree.chart.plot.pie.PieLabelLinkStyle,4,n/a,2,n/a,2,0
org.jfree.chart.plot.pie.PieLabelRecord,5,0,7,0,17,29
org.jfree.chart.plot.pie.PieLabelRecordTest,3,0,3,0,11,3
org.jfree.chart.plot.pie.PiePlot,50,1,2,1,241,293
org.jfree.chart.plot.pie.PiePlotState,4,1,10,0,22,21
org.jfree.chart.plot.pie.PiePlotTest,16,0,16,0,96,16
org.jfree.chart.plot.pie.PiePlotTest.NullLegendLabelGenerator,3,0,2,0,2,2
org.jfree.chart.renderer.AbstractRenderer,83,0,6,4,192,310
org.jfree.chart.renderer.AbstractRendererTest,16,0,11,0,84,14
org.jfree.chart.renderer.AbstractRendererTest.MyRendererChangeListener,3,0,1,0,2,2
org.jfree.chart.renderer.AbstractRendererTest.TestRenderer,3,3,1,0,2,1
org.jfree.chart.renderer.AreaRendererEndType,3,n/a,2,n/a,2,0
org.jfree.chart.renderer.AreaRendererEndTypeTest,2,0,1,0,5,2
org.jfree.chart.renderer.DefaultPolarItemRenderer,29,1,3,0,102,88
org.jfree.chart.renderer.DefaultPolarItemRendererTest,4,0,4,0,14,4
org.jfree.chart.renderer.GrayPaintScale,6,0,1,0,11,17
org.jfree.chart.renderer.GrayPaintScaleTest,3,0,5,0,20,5
org.jfree.chart.renderer.LookupPaintScale,12,0,1,0,16,28
org.jfree.chart.renderer.LookupPaintScale.PaintItem,3,0,1,0,8,11
org.jfree.chart.renderer.LookupPaintScaleTest,3,0,5,0,21,6
org.jfree.chart.renderer.NotOutlierException,0,0,0,0,1,1
org.jfree.chart.renderer.Outlier,5,0,1,0,11,17
org.jfree.chart.renderer.OutlierList,4,0,2,0,13,11
org.jfree.chart.renderer.OutlierListCollection,4,0,3,0,13,12
org.jfree.chart.renderer.OutlierTest,1,0,4,0,14,4
org.jfree.chart.renderer.PaintScale,n/a,n/a,n/a,n/a,3,n/a
org.jfree.chart.renderer.PolarItemRenderer,n/a,n/a,n/a,n/a,15,n/a
org.jfree.chart.renderer.RendererChangeDetector,4,0,1,0,4,4
org.jfree.chart.renderer.RendererState,32,0,2,3,7,7
org.jfree.chart.renderer.RendererUtils,5,0,1,0,7,32
org.jfree.chart.renderer.RendererUtilsTest,5,0,5,0,17,11
org.jfree.chart.renderer.WaferMapRenderer,8,1,1,0,26,45
org.jfree.chart.renderer.category.AbstractCategoryItemRenderer,79,1,10,8,167,163
org.jfree.chart.renderer.category.AbstractCategoryItemRendererTest,13,0,11,0,51,11
org.jfree.chart.renderer.category.AreaRenderer,22,2,2,1,56,30
org.jfree.chart.renderer.category.AreaRendererTest,12,0,6,0,29,6
org.jfree.chart.renderer.category.BarPainter,n/a,n/a,n/a,n/a,2,n/a
org.jfree.chart.renderer.category.BarRenderer,50,2,7,5,134,134
org.jfree.chart.renderer.category.BarRendererTest,20,0,9,0,60,9
org.jfree.chart.renderer.category.BoxAndWhiskerRenderer,27,2,3,0,111,101
org.jfree.chart.renderer.category.BoxAndWhiskerRendererTest,15,0,18,0,60,22
org.jfree.chart.renderer.category.CategoryItemRenderer,n/a,n/a,n/a,n/a,135,n/a
org.jfree.chart.renderer.category.CategoryItemRendererState,25,1,4,1,12,16
org.jfree.chart.renderer.category.CategoryStepRenderer,18,2,3,0,48,28
org.jfree.chart.renderer.category.CategoryStepRenderer.State,3,2,0,0,2,1
org.jfree.chart.renderer.category.CategoryStepRendererTest,10,0,5,0,27,5
org.jfree.chart.renderer.category.DefaultCategoryItemRenderer,3,3,0,0,0,0
org.jfree.chart.renderer.category.DefaultCategoryItemRendererTest,5,0,5,0,14,5
org.jfree.chart.renderer.category.GanttRenderer,23,4,2,0,59,55
org.jfree.chart.renderer.category.GanttRendererTest,4,0,5,0,20,5
org.jfree.chart.renderer.category.GradientBarPainter,9,0,1,0,17,31
org.jfree.chart.renderer.category.GradientBarPainterTest,3,0,4,0,11,4
org.jfree.chart.renderer.category.GroupedStackedBarRenderer,23,4,1,0,48,32
org.jfree.chart.renderer.category.GroupedStackedBarRendererTest,11,0,6,0,31,6
org.jfree.chart.renderer.category.IntervalBarRenderer,19,3,2,1,33,19
org.jfree.chart.renderer.category.IntervalBarRendererTest,12,0,7,0,30,7
org.jfree.chart.renderer.category.LayeredBarRenderer,17,3,2,0,50,55
org.jfree.chart.renderer.category.LayeredBarRendererTest,10,0,6,0,27,6
org.jfree.chart.renderer.category.LevelRenderer,18,2,1,0,57,35
org.jfree.chart.renderer.category.LevelRendererTest,11,0,7,0,35,8
org.jfree.chart.renderer.category.LineAndShapeRenderer,27,2,5,2,86,80
org.jfree.chart.renderer.category.LineAndShapeRendererTest,12,0,7,0,46,20
org.jfree.chart.renderer.category.MinMaxCategoryRenderer,16,2,3,0,40,47
org.jfree.chart.renderer.category.MinMaxCategoryRendererTest,10,0,6,0,28,6
org.jfree.chart.renderer.category.ScatterRenderer,17,2,2,0,67,53
org.jfree.chart.renderer.category.ScatterRendererTest,7,0,6,0,30,11
org.jfree.chart.renderer.category.StackedAreaRenderer,18,3,2,0,33,40
org.jfree.chart.renderer.category.StackedAreaRendererTest,7,0,6,0,24,6
org.jfree.chart.renderer.category.StackedBarRenderer,25,3,2,1,50,37
org.jfree.chart.renderer.category.StackedBarRendererTest,7,0,6,0,24,6
org.jfree.chart.renderer.category.StandardBarPainter,8,0,2,0,15,21
org.jfree.chart.renderer.category.StandardBarPainterTest,3,0,4,0,10,4
org.jfree.chart.renderer.category.StatisticalBarRenderer,22,3,2,0,42,54
org.jfree.chart.renderer.category.StatisticalBarRendererTest,13,0,10,0,38,11
org.jfree.chart.renderer.category.StatisticalLineAndShapeRenderer,21,3,2,0,60,45
org.jfree.chart.renderer.category.StatisticalLineAndShapeRendererTest,11,0,8,0,36,8
org.jfree.chart.renderer.category.WaterfallBarRenderer,24,3,2,0,51,41
org.jfree.chart.renderer.category.WaterfallBarRendererTest,5,0,6,0,23,6
org.jfree.chart.renderer.xy.AbstractXYItemRenderer,85,1,12,18,164,169
org.jfree.chart.renderer.xy.AbstractXYItemRendererTest,11,0,7,0,38,8
org.jfree.chart.renderer.xy.CandlestickRenderer,25,2,2,0,64,77
org.jfree.chart.renderer.xy.CandlestickRendererTest,9,0,7,0,40,7
org.jfree.chart.renderer.xy.ClusteredXYBarRenderer,21,3,2,0,41,33
org.jfree.chart.renderer.xy.ClusteredXYBarRendererTest,8,0,6,0,25,7
org.jfree.chart.renderer.xy.CyclicXYItemRenderer,12,3,1,0,17,36
org.jfree.chart.renderer.xy.CyclicXYItemRenderer.OverwriteDataSet,6,0,6,0,15,15
org.jfree.chart.renderer.xy.DefaultXYItemRenderer,2,3,0,0,0,0
org.jfree.chart.renderer.xy.DeviationRenderer,20,3,4,1,35,28
org.jfree.chart.renderer.xy.DeviationRenderer.State,4,3,0,0,2,1
org.jfree.chart.renderer.xy.DeviationRendererTest,4,0,5,0,16,5
org.jfree.chart.renderer.xy.DeviationStepRenderer,17,4,1,0,29,31
org.jfree.chart.renderer.xy.DeviationStepRendererTest,5,0,5,0,16,5
org.jfree.chart.renderer.xy.GradientXYBarPainter,9,0,1,0,16,31
org.jfree.chart.renderer.xy.GradientXYBarPainterTest,3,0,4,0,11,4
org.jfree.chart.renderer.xy.HighLowRenderer,21,2,2,0,43,48
org.jfree.chart.renderer.xy.HighLowRendererTest,9,0,6,0,27,6
org.jfree.chart.renderer.xy.RendererXYPackageUtils,9,0,2,0,8,2
org.jfree.chart.renderer.xy.SamplingXYLineRenderer,16,2,2,0,27,20
org.jfree.chart.renderer.xy.SamplingXYLineRenderer.State,4,2,1,0,4,2
org.jfree.chart.renderer.xy.StackedXYAreaRenderer,24,3,4,0,64,55
org.jfree.chart.renderer.xy.StackedXYAreaRenderer.StackedXYAreaRendererState,3,2,4,0,9,8
org.jfree.chart.renderer.xy.StackedXYAreaRenderer2,21,3,2,0,30,44
org.jfree.chart.renderer.xy.StackedXYAreaRenderer2Test,15,0,6,0,30,7
org.jfree.chart.renderer.xy.StackedXYAreaRendererTest,16,0,8,0,36,8
org.jfree.chart.renderer.xy.StackedXYBarRenderer,24,3,3,0,44,43
org.jfree.chart.renderer.xy.StackedXYBarRendererTest,13,0,6,0,29,7
org.jfree.chart.renderer.xy.StandardXYBarPainter,8,0,2,0,14,21
org.jfree.chart.renderer.xy.StandardXYBarPainterTest,3,0,4,0,10,4
org.jfree.chart.renderer.xy.StandardXYItemRenderer,33,2,1,1,89,91
org.jfree.chart.renderer.xy.StandardXYItemRenderer.State,3,2,2,0,6,5
org.jfree.chart.renderer.xy.StandardXYItemRendererTest,18,0,7,0,51,7
org.jfree.chart.renderer.xy.VectorRenderer,18,2,3,0,25,30
org.jfree.chart.renderer.xy.VectorRendererTest,4,0,5,0,15,5
org.jfree.chart.renderer.xy.WindItemRenderer,14,2,1,0,13,3
org.jfree.chart.renderer.xy.WindItemRendererTest,4,0,5,0,14,5
org.jfree.chart.renderer.xy.XYAreaRenderer,30,2,3,1,78,68
org.jfree.chart.renderer.xy.XYAreaRenderer.XYAreaRendererState,3,2,0,0,2,1
org.jfree.chart.renderer.xy.XYAreaRenderer2,26,2,2,1,64,32
org.jfree.chart.renderer.xy.XYAreaRenderer2Test,11,0,7,0,37,7
org.jfree.chart.renderer.xy.XYAreaRendererTest,13,0,7,0,41,7
org.jfree.chart.renderer.xy.XYBarPainter,n/a,n/a,n/a,n/a,2,n/a
org.jfree.chart.renderer.xy.XYBarRenderer,40,2,7,2,120,125
org.jfree.chart.renderer.xy.XYBarRenderer.XYBarRendererState,4,2,1,0,4,3
org.jfree.chart.renderer.xy.XYBarRendererTest,24,0,9,0,70,11
org.jfree.chart.renderer.xy.XYBlockRenderer,21,2,1,0,46,50
org.jfree.chart.renderer.xy.XYBlockRendererTest,11,0,9,0,38,9
org.jfree.chart.renderer.xy.XYBoxAndWhiskerRenderer,25,2,2,0,69,65
org.jfree.chart.renderer.xy.XYBoxAndWhiskerRendererTest,9,0,6,0,26,6
org.jfree.chart.renderer.xy.XYBubbleRenderer,20,2,2,0,49,30
org.jfree.chart.renderer.xy.XYBubbleRendererTest,10,0,6,0,27,6
org.jfree.chart.renderer.xy.XYDifferenceRenderer,28,2,4,0,83,92
org.jfree.chart.renderer.xy.XYDifferenceRendererTest,11,0,6,0,34,7
org.jfree.chart.renderer.xy.XYDotRenderer,19,2,2,0,48,30
org.jfree.chart.renderer.xy.XYDotRendererTest,11,0,6,0,31,6
org.jfree.chart.renderer.xy.XYErrorRenderer,16,3,3,0,41,35
org.jfree.chart.renderer.xy.XYErrorRendererTest,5,0,9,0,27,9
org.jfree.chart.renderer.xy.XYItemRenderer,n/a,n/a,n/a,n/a,132,n/a
org.jfree.chart.renderer.xy.XYItemRendererState,40,1,3,6,8,7
org.jfree.chart.renderer.xy.XYLineAndShapeRenderer,39,2,6,6,103,107
org.jfree.chart.renderer.xy.XYLineAndShapeRenderer.State,9,2,1,2,6,4
org.jfree.chart.renderer.xy.XYLineAndShapeRendererTest,19,0,8,0,56,9
org.jfree.chart.renderer.xy.XYShapeRenderer,24,2,5,0,63,52
org.jfree.chart.renderer.xy.XYShapeRendererTest,8,0,4,0,35,5
org.jfree.chart.renderer.xy.XYSplineRenderer,16,3,2,0,33,46
org.jfree.chart.renderer.xy.XYSplineRenderer.FillType,2,n/a,2,n/a,2,0
org.jfree.chart.renderer.xy.XYSplineRenderer.XYSplineState,3,3,0,0,2,1
org.jfree.chart.renderer.xy.XYSplineRendererTest,8,0,5,0,20,5
org.jfree.chart.renderer.xy.XYStepAreaRenderer,19,2,2,0,45,62
org.jfree.chart.renderer.xy.XYStepAreaRendererTest,10,0,6,0,31,6
org.jfree.chart.renderer.xy.XYStepRenderer,21,3,1,0,34,28
org.jfree.chart.renderer.xy.XYStepRendererTest,10,0,7,0,29,7
org.jfree.chart.renderer.xy.YIntervalRenderer,21,2,2,0,41,18
org.jfree.chart.renderer.xy.YIntervalRendererTest,19,0,5,0,46,6
org.jfree.chart.swing.AbstractOverlay,5,0,1,1,8,7
org.jfree.chart.swing.ApplicationFrame,0,0,7,0,8,9
org.jfree.chart.swing.ChartFrame,2,0,1,0,4,4
org.jfree.chart.swing.ChartMouseEvent,5,0,3,0,4,4
org.jfree.chart.swing.ChartMouseListener,n/a,n/a,n/a,n/a,2,n/a
org.jfree.chart.swing.ChartPanel,31,0,7,1,179,272
org.jfree.chart.swing.ChartPanelTest,12,0,7,0,56,19
org.jfree.chart.swing.CrosshairOverlay,17,1,2,0,53,83
org.jfree.chart.swing.CrosshairOverlayTest,4,0,3,0,14,3
org.jfree.chart.swing.DefaultSelectionZoomStrategy,3,0,2,0,20,27
org.jfree.chart.swing.MouseWheelHandler,7,0,1,0,18,12
org.jfree.chart.swing.NumberCellRenderer,1,0,1,0,2,4
org.jfree.chart.swing.Overlay,n/a,n/a,n/a,n/a,3,n/a
org.jfree.chart.swing.OverlayChangeEvent,3,0,0,0,1,1
org.jfree.chart.swing.OverlayChangeListener,n/a,n/a,n/a,n/a,1,n/a
org.jfree.chart.swing.PolarChartPanel,5,1,2,0,20,18
org.jfree.chart.swing.SelectionZoomStrategy,n/a,n/a,n/a,n/a,15,n/a
org.jfree.chart.swing.UIUtils,1,0,5,0,11,13
org.jfree.chart.swing.editor.ChartEditor,n/a,n/a,n/a,n/a,1,n/a
org.jfree.chart.swing.editor.ChartEditorFactory,n/a,n/a,n/a,n/a,1,n/a
org.jfree.chart.swing.editor.ChartEditorManager,6,0,1,0,7,4
org.jfree.chart.swing.editor.DefaultAxisEditor,12,0,3,1,45,28
org.jfree.chart.swing.editor.DefaultChartEditor,11,0,1,0,23,11
org.jfree.chart.swing.editor.DefaultChartEditorFactory,5,0,1,0,3,2
org.jfree.chart.swing.editor.DefaultLogAxisEditor,6,2,1,0,18,12
org.jfree.chart.swing.editor.DefaultNumberAxisEditor,7,2,1,0,20,12
org.jfree.chart.swing.editor.DefaultPlotEditor,18,0,1,1,57,67
org.jfree.chart.swing.editor.DefaultPolarPlotEditor,7,1,2,0,19,14
org.jfree.chart.swing.editor.DefaultTitleEditor,8,0,1,0,27,19
org.jfree.chart.swing.editor.DefaultValueAxisEditor,9,1,2,2,37,33
org.jfree.chart.swing.editor.FontChooserPanel,2,0,1,0,6,15
org.jfree.chart.swing.editor.FontDisplayField,2,0,1,0,4,5
org.jfree.chart.swing.editor.LCBLayout,7,0,5,0,8,28
org.jfree.chart.swing.editor.PaintSample,5,0,2,0,5,5
org.jfree.chart.swing.editor.StrokeChooserPanel,4,0,1,0,5,4
org.jfree.chart.swing.editor.StrokeSample,3,0,2,0,6,8
org.jfree.chart.text.AttributedStringUtils,2,0,1,0,2,9
org.jfree.chart.text.G2TextMeasurer,6,0,1,0,3,2
org.jfree.chart.text.TextAnchor,51,n/a,3,n/a,10,8
org.jfree.chart.text.TextBlock,17,0,1,0,22,27
org.jfree.chart.text.TextBlockAnchor,12,n/a,2,n/a,2,0
org.jfree.chart.text.TextBox,9,0,1,0,44,47
org.jfree.chart.text.TextFragment,7,0,1,0,25,28
org.jfree.chart.text.TextLine,8,0,1,0,24,24
org.jfree.chart.text.TextMeasurer,n/a,n/a,n/a,n/a,1,n/a
org.jfree.chart.text.TextUtils,38,0,3,0,43,76
org.jfree.chart.text.format.HMSNumberFormat,1,0,2,0,4,4
org.jfree.chart.text.format.HMSNumberFormatTest,1,0,1,0,2,1
org.jfree.chart.text.format.HexNumberFormat,0,0,2,0,7,9
org.jfree.chart.text.format.LogFormat,2,0,2,0,12,20
org.jfree.chart.text.format.LogFormatTest,3,0,4,0,13,4
org.jfree.chart.text.format.RelativeDateFormat,2,0,2,0,29,46
org.jfree.chart.text.format.RelativeDateFormatTest,1,0,7,0,30,8
org.jfree.chart.title.CompositeTitle,13,2,2,0,36,18
org.jfree.chart.title.CompositeTitleTest,9,0,5,0,27,5
org.jfree.chart.title.DateTitle,7,3,1,0,7,5
org.jfree.chart.title.DateTitleTest,4,0,4,0,17,4
org.jfree.chart.title.ImageTitle,9,2,1,0,34,30
org.jfree.chart.title.ImageTitleTest,0,0,1,0,1,1
org.jfree.chart.title.ShortTextTitle,9,3,2,0,32,24
org.jfree.chart.title.ShortTextTitleTest,4,0,4,0,14,4
org.jfree.chart.title.TextTitle,38,2,1,2,80,99
org.jfree.chart.title.TextTitleTest,4,0,4,0,24,4
org.jfree.chart.title.Title,30,1,3,5,31,36
org.jfree.chart.title.TitleTest,5,0,2,0,11,2
org.jfree.chart.urls.CategoryURLGenerator,n/a,n/a,n/a,n/a,1,n/a
org.jfree.chart.urls.CustomCategoryURLGenerator,4,0,1,0,8,22
org.jfree.chart.urls.CustomCategoryURLGeneratorTest,4,0,5,0,18,5
org.jfree.chart.urls.CustomPieURLGenerator,5,0,1,0,8,20
org.jfree.chart.urls.CustomPieURLGeneratorTest,4,0,4,0,13,4
org.jfree.chart.urls.CustomXYURLGenerator,4,0,1,0,8,22
org.jfree.chart.urls.CustomXYURLGeneratorTest,4,0,5,0,18,5
org.jfree.chart.urls.PieURLGenerator,n/a,n/a,n/a,n/a,1,n/a
org.jfree.chart.urls.StandardCategoryURLGenerator,15,0,1,0,10,16
org.jfree.chart.urls.StandardCategoryURLGeneratorTest,4,0,4,0,14,4
org.jfree.chart.urls.StandardPieURLGenerator,6,0,1,0,7,13
org.jfree.chart.urls.StandardPieURLGeneratorTest,4,0,4,0,14,4
org.jfree.chart.urls.StandardXYURLGenerator,7,0,1,1,6,11
org.jfree.chart.urls.StandardXYURLGeneratorTest,3,0,2,0,6,2
org.jfree.chart.urls.StandardXYZURLGenerator,4,1,1,0,2,1
org.jfree.chart.urls.TimeSeriesURLGenerator,6,0,1,0,11,17
org.jfree.chart.urls.TimeSeriesURLGeneratorTest,4,0,4,0,13,4
org.jfree.chart.urls.XYURLGenerator,n/a,n/a,n/a,n/a,1,n/a
org.jfree.chart.urls.XYZURLGenerator,n/a,n/a,n/a,n/a,1,n/a
org.jfree.chart.util.AttrStringUtils,5,0,2,0,17,32
org.jfree.chart.util.DefaultShadowGenerator,7,0,1,0,16,28
org.jfree.chart.util.DirectionalGradientPaintTransformer,1,0,1,0,2,10
org.jfree.chart.util.ExportUtils,2,0,4,0,8,8
org.jfree.chart.util.GradientPaintTransformType,10,n/a,2,n/a,2,0
org.jfree.chart.util.GradientPaintTransformer,n/a,n/a,n/a,n/a,1,n/a
org.jfree.chart.util.PaintAlpha,1,0,1,0,8,27
org.jfree.chart.util.ShadowGenerator,n/a,n/a,n/a,n/a,3,n/a
org.jfree.chart.util.StandardGradientPaintTransformer,19,0,1,0,7,16
org.jfree.chart.util.StringUtils,2,0,3,0,4,6
org.jfree.data.ComparableObjectItem,16,0,2,5,9,13
org.jfree.data.ComparableObjectItemTest,3,0,5,0,16,5
org.jfree.data.ComparableObjectSeries,22,1,1,6,34,50
org.jfree.data.ComparableObjectSeriesTest,5,0,5,0,23,5
org.jfree.data.ComparableObjectSeriesTest.MyComparableObjectSeries,3,2,2,0,8,4
org.jfree.data.DataUtils,13,0,6,0,18,32
org.jfree.data.DataUtilsTest,3,0,4,0,21,7
org.jfree.data.DatasetChangeConfirmation,6,0,1,0,1,1
org.jfree.data.DefaultKeyedValue,6,0,2,0,9,13
org.jfree.data.DefaultKeyedValueTest,3,0,5,0,17,5
org.jfree.data.DefaultKeyedValues,16,0,4,0,31,43
org.jfree.data.DefaultKeyedValues2D,13,0,1,0,36,56
org.jfree.data.DefaultKeyedValues2DTest,4,0,13,0,36,14
org.jfree.data.DefaultKeyedValuesTest,5,0,16,0,43,18
org.jfree.data.DomainInfo,n/a,n/a,n/a,n/a,3,n/a
org.jfree.data.DomainOrder,13,n/a,2,n/a,2,0
org.jfree.data.DomainOrderTest,2,0,1,0,8,3
org.jfree.data.ItemKey,n/a,n/a,n/a,n/a,1,n/a
org.jfree.data.KeyToGroupMap,7,0,1,0,14,34
org.jfree.data.KeyToGroupMapTest,3,0,8,0,22,8
org.jfree.data.KeyedObject,3,0,2,0,8,12
org.jfree.data.KeyedObjectTest,4,0,4,0,13,4
org.jfree.data.KeyedObjects,6,0,1,0,23,37
org.jfree.data.KeyedObjects2D,8,0,1,0,32,56
org.jfree.data.KeyedObjects2DTest,4,0,11,0,32,11
org.jfree.data.KeyedObjectsTest,5,0,10,0,29,10
org.jfree.data.KeyedValue,n/a,n/a,n/a,n/a,1,n/a
org.jfree.data.KeyedValueComparator,6,0,1,0,7,18
org.jfree.data.KeyedValueComparatorType,2,n/a,2,n/a,2,0
org.jfree.data.KeyedValues,n/a,n/a,n/a,n/a,4,n/a
org.jfree.data.KeyedValues2D,n/a,n/a,n/a,n/a,7,n/a
org.jfree.data.KeyedValues2DItemKey,4,0,1,0,9,13
org.jfree.data.KeyedValuesItemKey,2,0,1,0,7,9
org.jfree.data.Range,139,0,1,1,24,50
org.jfree.data.RangeInfo,n/a,n/a,n/a,n/a,3,n/a
org.jfree.data.RangeTest,2,0,12,0,37,13
org.jfree.data.RangeType,3,n/a,2,n/a,2,0
org.jfree.data.RangeTypeTest,2,0,1,0,8,3
org.jfree.data.UnknownKeyException,20,0,0,0,1,1
org.jfree.data.Value,n/a,n/a,n/a,n/a,1,n/a
org.jfree.data.Values,n/a,n/a,n/a,n/a,2,n/a
org.jfree.data.Values2D,n/a,n/a,n/a,n/a,3,n/a
org.jfree.data.category.CategoryDataset,n/a,n/a,n/a,n/a,0,n/a
org.jfree.data.category.CategoryRangeInfo,n/a,n/a,n/a,n/a,1,n/a
org.jfree.data.category.CategoryToPieDataset,14,1,2,0,27,39
org.jfree.data.category.CategoryToPieDatasetTest,5,0,1,0,24,6
org.jfree.data.category.DefaultCategoryDataset,41,1,2,1,51,35
org.jfree.data.category.DefaultCategoryDatasetTest,5,0,14,0,36,14
org.jfree.data.category.DefaultIntervalCategoryDataset,10,2,2,0,39,83
org.jfree.data.category.DefaultIntervalCategoryDatasetTest,4,0,20,0,45,20
org.jfree.data.category.IntervalCategoryDataset,n/a,n/a,n/a,n/a,4,n/a
org.jfree.data.category.SlidingCategoryDataset,7,1,1,0,32,34
org.jfree.data.category.SlidingCategoryDatasetTest,5,0,9,0,30,9
org.jfree.data.flow.DefaultFlowDataset,8,1,3,0,33,42
org.jfree.data.flow.DefaultFlowDatasetTest,3,0,6,0,18,6
org.jfree.data.flow.FlowDataset,n/a,n/a,n/a,n/a,8,n/a
org.jfree.data.flow.FlowDatasetUtils,5,0,5,0,17,26
org.jfree.data.flow.FlowKey,11,0,3,0,9,14
org.jfree.data.flow.FlowKeyTest,2,0,3,0,10,3
org.jfree.data.flow.NodeKey,9,0,2,0,8,12
org.jfree.data.flow.NodeKeyTest,2,0,3,0,10,3
org.jfree.data.function.Function2D,n/a,n/a,n/a,n/a,1,n/a
org.jfree.data.function.LineFunction2D,4,0,1,0,7,9
org.jfree.data.function.LineFunction2DTest,2,0,4,0,13,4
org.jfree.data.function.NormalDistributionFunction2D,3,0,2,0,7,10
org.jfree.data.function.NormalDistributionFunction2DTest,2,0,4,0,13,4
org.jfree.data.function.PolynomialFunction2D,5,0,1,0,9,8
org.jfree.data.function.PolynomialFunction2DTest,2,0,6,0,16,6
org.jfree.data.function.PowerFunction2D,3,0,1,0,7,9
org.jfree.data.function.PowerFunction2DTest,2,0,4,0,13,4
org.jfree.data.gantt.GanttCategoryDataset,n/a,n/a,n/a,n/a,10,n/a
org.jfree.data.gantt.SlidingGanttCategoryDataset,8,1,1,0,52,61
org.jfree.data.gantt.SlidingGanttCategoryDatasetTest,7,0,4,0,21,6
org.jfree.data.gantt.Task,13,0,5,0,18,22
org.jfree.data.gantt.TaskSeries,11,1,1,0,18,17
org.jfree.data.gantt.TaskSeriesCollection,16,2,1,0,54,64
org.jfree.data.gantt.TaskSeriesCollectionTest,7,0,10,0,73,27
org.jfree.data.gantt.TaskSeriesTest,4,0,4,0,15,4
org.jfree.data.gantt.TaskTest,4,0,4,0,19,4
org.jfree.data.gantt.XYTaskDataset,11,3,2,0,45,44
org.jfree.data.gantt.XYTaskDatasetTest,6,0,3,0,19,3
org.jfree.data.general.AbstractDataset,55,0,1,15,14,16
org.jfree.data.general.AbstractSeriesDataset,11,1,2,3,7,5
org.jfree.data.general.Dataset,n/a,n/a,n/a,n/a,2,n/a
org.jfree.data.general.DatasetChangeEvent,34,0,1,0,2,2
org.jfree.data.general.DatasetChangeListener,n/a,n/a,n/a,n/a,1,n/a
org.jfree.data.general.DatasetUtils,63,0,41,0,122,319
org.jfree.data.general.DatasetUtilsTest,33,0,19,0,150,65
org.jfree.data.general.DefaultHeatMapDataset,5,1,3,0,19,32
org.jfree.data.general.DefaultHeatMapDatasetTest,6,0,4,0,26,5
org.jfree.data.general.DefaultKeyedValueDataset,7,1,1,0,16,20
org.jfree.data.general.DefaultKeyedValueDatasetTest,3,0,4,0,13,4
org.jfree.data.general.DefaultKeyedValues2DDataset,3,2,0,0,0,0
org.jfree.data.general.DefaultKeyedValues2DDatasetTest,4,0,2,0,10,2
org.jfree.data.general.DefaultKeyedValuesDataset,3,2,0,0,0,0
org.jfree.data.general.DefaultKeyedValuesDatasetTest,5,0,2,0,9,2
org.jfree.data.general.DefaultPieDataset,25,1,3,1,41,29
org.jfree.data.general.DefaultPieDatasetTest,6,0,6,0,26,7
org.jfree.data.general.DefaultValueDataset,10,1,1,0,11,10
org.jfree.data.general.HeatMapDataset,n/a,n/a,n/a,n/a,10,n/a
org.jfree.data.general.HeatMapUtils,6,0,3,0,13,7
org.jfree.data.general.IntervalDataItem,1,0,3,0,4,4
org.jfree.data.general.KeyedValueDataset,n/a,n/a,n/a,n/a,0,n/a
org.jfree.data.general.KeyedValues2DDataset,n/a,n/a,n/a,n/a,0,n/a
org.jfree.data.general.KeyedValuesDataset,n/a,n/a,n/a,n/a,0,n/a
org.jfree.data.general.PieDataset,n/a,n/a,n/a,n/a,0,n/a
org.jfree.data.general.Series,36,0,3,6,16,19
org.jfree.data.general.SeriesChangeEvent,14,0,0,0,1,1
org.jfree.data.general.SeriesChangeListener,n/a,n/a,n/a,n/a,1,n/a
org.jfree.data.general.SeriesDataset,n/a,n/a,n/a,n/a,3,n/a
org.jfree.data.general.SeriesException,7,0,0,0,1,1
org.jfree.data.general.TestIntervalCategoryDataset,7,1,3,0,54,43
org.jfree.data.general.TestIntervalXYZDataset,4,0,7,0,20,20
org.jfree.data.general.ValueDataset,n/a,n/a,n/a,n/a,0,n/a
org.jfree.data.general.WaferMapDataset,5,1,5,0,26,29
org.jfree.data.io.CSV,2,0,1,0,7,16
org.jfree.data.json.JSONUtils,4,0,2,0,10,14
org.jfree.data.json.impl.JSONArray,3,0,2,0,7,13
org.jfree.data.json.impl.JSONAware,n/a,n/a,n/a,n/a,1,n/a
org.jfree.data.json.impl.JSONObject,3,0,2,0,11,14
org.jfree.data.json.impl.JSONStreamAware,n/a,n/a,n/a,n/a,1,n/a
org.jfree.data.json.impl.JSONValue,5,0,1,0,10,40
org.jfree.data.resources.DataPackageResources,0,0,1,0,1,1
org.jfree.data.resources.DataPackageResources_de,0,0,1,0,1,1
org.jfree.data.resources.DataPackageResources_es,0,0,1,0,1,1
org.jfree.data.resources.DataPackageResources_fr,0,0,1,0,1,1
org.jfree.data.resources.DataPackageResources_pl,0,0,1,0,1,1
org.jfree.data.resources.DataPackageResources_ru,0,0,1,0,1,1
org.jfree.data.statistics.BoxAndWhiskerCalculator,5,0,1,0,8,19
org.jfree.data.statistics.BoxAndWhiskerCalculatorTest,2,0,1,0,15,4
org.jfree.data.statistics.BoxAndWhiskerCategoryDataset,n/a,n/a,n/a,n/a,18,n/a
org.jfree.data.statistics.BoxAndWhiskerItem,10,0,9,0,14,26
org.jfree.data.statistics.BoxAndWhiskerItemTest,2,0,2,0,4,2
org.jfree.data.statistics.BoxAndWhiskerXYDataset,n/a,n/a,n/a,n/a,11,n/a
org.jfree.data.statistics.DefaultBoxAndWhiskerCategoryDataset,10,1,1,2,77,82
org.jfree.data.statistics.DefaultBoxAndWhiskerCategoryDatasetTest,6,0,8,0,36,9
org.jfree.data.statistics.DefaultBoxAndWhiskerXYDataset,9,3,4,0,40,49
org.jfree.data.statistics.DefaultBoxAndWhiskerXYDatasetTest,5,0,6,0,30,6
org.jfree.data.statistics.DefaultMultiValueCategoryDataset,10,1,1,0,38,41
org.jfree.data.statistics.DefaultMultiValueCategoryDatasetTest,6,0,8,0,23,8
org.jfree.data.statistics.DefaultStatisticalCategoryDataset,12,1,2,0,58,65
org.jfree.data.statistics.DefaultStatisticalCategoryDatasetTest,5,0,7,0,31,11
org.jfree.data.statistics.HistogramBin,2,0,2,0,9,13
org.jfree.data.statistics.HistogramBinTest,3,0,3,0,9,3
org.jfree.data.statistics.HistogramDataset,9,4,1,0,30,43
org.jfree.data.statistics.HistogramDatasetTest,8,0,6,0,28,11
org.jfree.data.statistics.HistogramType,1,n/a,2,n/a,2,0
org.jfree.data.statistics.MeanAndStandardDeviation,2,0,2,0,9,15
org.jfree.data.statistics.MeanAndStandardDeviationTest,2,0,3,0,8,3
org.jfree.data.statistics.MultiValueCategoryDataset,n/a,n/a,n/a,n/a,2,n/a
org.jfree.data.statistics.Regression,4,0,3,0,10,36
org.jfree.data.statistics.RegressionTest,4,0,2,0,18,14
org.jfree.data.statistics.SimpleHistogramBin,4,0,2,0,12,35
org.jfree.data.statistics.SimpleHistogramBinTest,3,0,5,0,18,5
org.jfree.data.statistics.SimpleHistogramDataset,11,4,4,0,39,43
org.jfree.data.statistics.SimpleHistogramDatasetTest,4,0,5,0,21,5
org.jfree.data.statistics.StatisticalCategoryDataset,n/a,n/a,n/a,n/a,4,n/a
org.jfree.data.statistics.Statistics,4,0,3,0,14,46
org.jfree.data.statistics.StatisticsTest,1,0,11,0,23,12
org.jfree.data.time.DateRange,5,1,2,0,12,9
org.jfree.data.time.DateRangeTest,2,0,4,0,11,4
org.jfree.data.time.Day,26,1,2,0,34,31
org.jfree.data.time.DayTest,5,0,22,0,65,35
org.jfree.data.time.DynamicTimeSeriesCollection,14,4,2,0,53,90
org.jfree.data.time.DynamicTimeSeriesCollection.ValueSequence,1,0,1,0,4,5
org.jfree.data.time.FixedMillisecond,3,1,2,0,17,24
org.jfree.data.time.FixedMillisecondTest,2,0,4,0,14,4
org.jfree.data.time.Hour,11,1,1,0,39,37
org.jfree.data.time.HourTest,5,0,23,0,62,31
org.jfree.data.time.Millisecond,8,1,1,0,38,36
org.jfree.data.time.MillisecondTest,8,0,21,0,67,27
org.jfree.data.time.Minute,12,1,2,0,39,36
org.jfree.data.time.MinuteTest,6,0,21,0,60,27
org.jfree.data.time.Month,12,1,2,0,32,47
org.jfree.data.time.MonthTest,7,0,21,0,64,35
org.jfree.data.time.MovingAverage,11,0,4,0,31,32
org.jfree.data.time.MovingAverageTest,4,0,1,0,9,2
org.jfree.data.time.Quarter,7,1,2,0,29,35
org.jfree.data.time.QuarterTest,5,0,24,0,65,36
org.jfree.data.time.RegularTimePeriod,42,0,9,10,19,24
org.jfree.data.time.Second,11,1,2,0,39,38
org.jfree.data.time.SecondTest,7,0,20,0,62,26
org.jfree.data.time.SimpleTimePeriod,8,0,1,0,11,20
org.jfree.data.time.SimpleTimePeriodTest,2,0,7,0,16,7
org.jfree.data.time.TimePeriod,n/a,n/a,n/a,n/a,2,n/a
org.jfree.data.time.TimePeriodAnchor,11,n/a,2,n/a,2,0
org.jfree.data.time.TimePeriodAnchorTest,2,0,1,0,5,2
org.jfree.data.time.TimePeriodFormatException,7,0,0,0,1,1
org.jfree.data.time.TimePeriodValue,6,0,2,0,10,17
org.jfree.data.time.TimePeriodValueTest,4,0,4,0,14,4
org.jfree.data.time.TimePeriodValues,8,1,1,0,36,44
org.jfree.data.time.TimePeriodValuesCollection,12,4,1,0,46,41
org.jfree.data.time.TimePeriodValuesCollectionTest,8,0,5,0,27,6
org.jfree.data.time.TimePeriodValuesTest,11,0,12,0,43,12
org.jfree.data.time.TimePeriodValuesTest.MySeriesChangeListener,3,0,1,0,4,4
org.jfree.data.time.TimeSeries,17,1,3,0,76,138
org.jfree.data.time.TimeSeriesCollection,22,4,2,0,62,71
org.jfree.data.time.TimeSeriesCollectionTest,12,0,10,0,60,13
org.jfree.data.time.TimeSeriesDataItem,6,0,2,0,10,15
org.jfree.data.time.TimeSeriesDataItemTest,3,0,3,0,9,3
org.jfree.data.time.TimeSeriesTableModel,5,0,6,0,16,26
org.jfree.data.time.TimeSeriesTest,16,0,22,0,106,44
org.jfree.data.time.TimeTableXYDataset,14,4,1,0,56,51
org.jfree.data.time.TimeTableXYDatasetTest,5,0,6,0,24,6
org.jfree.data.time.Week,5,1,2,0,31,53
org.jfree.data.time.WeekTest,4,0,25,0,66,37
org.jfree.data.time.Year,22,1,2,0,21,26
org.jfree.data.time.YearTest,4,0,25,0,57,31
org.jfree.data.time.ohlc.OHLC,3,0,4,0,8,13
org.jfree.data.time.ohlc.OHLCItem,6,1,5,0,15,11
org.jfree.data.time.ohlc.OHLCItemTest,5,0,5,0,21,5
org.jfree.data.time.ohlc.OHLCSeries,8,2,2,0,18,8
org.jfree.data.time.ohlc.OHLCSeriesCollection,14,3,3,0,48,40
org.jfree.data.time.ohlc.OHLCSeriesCollectionTest,9,0,7,0,32,9
org.jfree.data.time.ohlc.OHLCSeriesTest,9,0,11,0,36,12
org.jfree.data.time.ohlc.OHLCTest,2,0,4,0,11,4
org.jfree.data.xml.CategoryDatasetHandler,6,1,2,0,11,9
org.jfree.data.xml.CategorySeriesHandler,5,0,1,0,14,9
org.jfree.data.xml.DatasetReader,5,0,1,0,11,7
org.jfree.data.xml.DatasetTags,n/a,n/a,n/a,n/a,0,n/a
org.jfree.data.xml.ItemHandler,6,0,1,0,13,11
org.jfree.data.xml.KeyHandler,4,0,1,0,10,9
org.jfree.data.xml.PieDatasetHandler,6,1,2,0,11,9
org.jfree.data.xml.RootHandler,7,0,1,2,6,10
org.jfree.data.xml.ValueHandler,4,0,1,0,8,10
org.jfree.data.xy.AbstractIntervalXYDataset,19,3,4,14,8,8
org.jfree.data.xy.AbstractXYDataset,17,2,3,10,5,5
org.jfree.data.xy.AbstractXYZDataset,4,3,1,2,2,2
org.jfree.data.xy.CategoryTableXYDataset,11,4,2,0,55,33
org.jfree.data.xy.CategoryTableXYDatasetTest,6,0,6,0,22,6
org.jfree.data.xy.DefaultHighLowDataset,6,3,8,0,20,34
org.jfree.data.xy.DefaultHighLowDatasetTest,4,0,4,0,12,4
org.jfree.data.xy.DefaultIntervalXYDataset,11,4,1,0,26,34
org.jfree.data.xy.DefaultIntervalXYDatasetTest,5,0,3,0,38,17
org.jfree.data.xy.DefaultOHLCDataset,9,3,3,0,27,29
org.jfree.data.xy.DefaultOHLCDatasetTest,6,0,6,0,20,6
org.jfree.data.xy.DefaultTableXYDataset,26,4,2,0,68,69
org.jfree.data.xy.DefaultTableXYDatasetTest,8,0,6,0,24,6
org.jfree.data.xy.DefaultWindDataset,7,3,2,0,18,26
org.jfree.data.xy.DefaultWindDatasetTest,7,0,2,0,23,8
org.jfree.data.xy.DefaultXYDataset,17,3,2,4,19,29
org.jfree.data.xy.DefaultXYDatasetTest,4,0,6,0,23,8
org.jfree.data.xy.DefaultXYZDataset,12,4,2,0,22,29
org.jfree.data.xy.DefaultXYZDatasetTest,4,0,6,0,23,8
org.jfree.data.xy.IntervalXYDataset,n/a,n/a,n/a,n/a,8,n/a
org.jfree.data.xy.IntervalXYDelegate,14,0,1,0,33,40
org.jfree.data.xy.IntervalXYDelegateTest,5,0,3,0,17,3
org.jfree.data.xy.IntervalXYZDataset,n/a,n/a,n/a,n/a,6,n/a
org.jfree.data.xy.MatrixSeries,6,1,1,1,14,20
org.jfree.data.xy.MatrixSeriesCollection,9,4,1,0,28,23
org.jfree.data.xy.MatrixSeriesCollectionTest,5,0,4,0,16,4
org.jfree.data.xy.MatrixSeriesTest,3,0,6,0,18,6
org.jfree.data.xy.NormalizedMatrixSeries,1,2,1,0,12,6
org.jfree.data.xy.OHLCDataItem,6,0,6,0,10,17
org.jfree.data.xy.OHLCDataItemTest,2,0,3,0,7,3
org.jfree.data.xy.OHLCDataset,n/a,n/a,n/a,n/a,10,n/a
org.jfree.data.xy.TableXYDataset,n/a,n/a,n/a,n/a,1,n/a
org.jfree.data.xy.TableXYDatasetTest,5,0,3,0,36,13
org.jfree.data.xy.Vector,4,0,1,0,7,11
org.jfree.data.xy.VectorDataItem,6,1,5,0,15,8
org.jfree.data.xy.VectorDataItemTest,4,0,4,0,13,4
org.jfree.data.xy.VectorSeries,7,2,3,0,19,10
org.jfree.data.xy.VectorSeriesCollection,12,3,1,0,33,22
org.jfree.data.xy.VectorSeriesCollectionTest,7,0,5,0,24,5
org.jfree.data.xy.VectorSeriesTest,8,0,7,0,37,12
org.jfree.data.xy.VectorTest,2,0,4,0,11,4
org.jfree.data.xy.VectorXYDataset,n/a,n/a,n/a,n/a,3,n/a
org.jfree.data.xy.WindDataItem,1,0,3,0,6,14
org.jfree.data.xy.WindDataset,n/a,n/a,n/a,n/a,2,n/a
org.jfree.data.xy.XIntervalDataItem,5,1,4,0,12,8
org.jfree.data.xy.XIntervalDataItemTest,3,0,4,0,16,4
org.jfree.data.xy.XIntervalSeries,6,2,2,0,17,9
org.jfree.data.xy.XIntervalSeriesCollection,11,4,1,0,39,27
org.jfree.data.xy.XIntervalSeriesCollectionTest,7,0,6,0,24,6
org.jfree.data.xy.XIntervalSeriesTest,7,0,8,0,41,14
org.jfree.data.xy.XYBarDataset,12,4,2,0,34,29
org.jfree.data.xy.XYBarDatasetTest,5,0,4,0,15,4
org.jfree.data.xy.XYCoordinate,3,0,1,0,8,17
org.jfree.data.xy.XYCoordinateTest,2,0,4,0,11,4
org.jfree.data.xy.XYDataItem,4,0,3,0,14,21
org.jfree.data.xy.XYDataItemTest,3,0,3,0,11,3
org.jfree.data.xy.XYDataset,n/a,n/a,n/a,n/a,6,n/a
org.jfree.data.xy.XYDatasetTableModel,6,0,3,0,16,17
org.jfree.data.xy.XYDomainInfo,n/a,n/a,n/a,n/a,1,n/a
org.jfree.data.xy.XYInterval,2,0,5,0,7,14
org.jfree.data.xy.XYIntervalDataItem,4,1,6,0,16,12
org.jfree.data.xy.XYIntervalDataItemTest,3,0,4,0,18,4
org.jfree.data.xy.XYIntervalSeries,8,2,2,0,21,11
org.jfree.data.xy.XYIntervalSeriesCollection,12,4,1,0,37,27
org.jfree.data.xy.XYIntervalSeriesCollectionTest,5,0,6,0,22,6
org.jfree.data.xy.XYIntervalSeriesTest,7,0,8,0,42,13
org.jfree.data.xy.XYIntervalTest,2,0,3,0,8,3
org.jfree.data.xy.XYItemKey,3,0,1,0,9,13
org.jfree.data.xy.XYRangeInfo,n/a,n/a,n/a,n/a,1,n/a
org.jfree.data.xy.XYSeries,50,1,6,0,63,100
org.jfree.data.xy.XYSeriesCollection,50,4,1,0,73,81
org.jfree.data.xy.XYSeriesCollectionTest,10,0,13,0,54,16
org.jfree.data.xy.XYSeriesTest,7,0,17,0,75,36
org.jfree.data.xy.XYZDataset,n/a,n/a,n/a,n/a,2,n/a
org.jfree.data.xy.XisSymbolic,n/a,n/a,n/a,n/a,3,n/a
org.jfree.data.xy.YInterval,2,0,3,0,5,10
org.jfree.data.xy.YIntervalDataItem,4,1,4,0,12,8
org.jfree.data.xy.YIntervalDataItemTest,3,0,4,0,16,4
org.jfree.data.xy.YIntervalSeries,8,2,2,0,17,9
org.jfree.data.xy.YIntervalSeriesCollection,12,4,1,0,33,24
org.jfree.data.xy.YIntervalSeriesCollectionTest,5,0,6,0,22,6
org.jfree.data.xy.YIntervalSeriesTest,7,0,8,0,37,12
org.jfree.data.xy.YIntervalTest,2,0,3,0,8,3
org.jfree.data.xy.YWithXInterval,2,0,3,0,5,10
org.jfree.data.xy.YWithXIntervalTest,2,0,3,0,8,3
org.jfree.data.xy.YisSymbolic,n/a,n/a,n/a,n/a,3,n/a

